id, label
0,0
1,0
2,0
3,0
4,0
5,0
6,1
7,1
8,0
9,1
10,1
11,1
12,1
13,0
14,1
15,1
16,0
17,1
18,1
19,1
20,0
21,0
22,1
23,0
24,1
25,0
26,1
27,1
28,0
29,1
30,0
31,1
32,0
33,0
34,0
35,0
36,1
37,1
38,0
39,1
40,0
41,1
42,0
43,0
44,1
45,1
46,1
47,0
48,0
49,1
50,0
51,1
52,0
53,1
54,1
55,0
56,1
57,1
58,0
59,0
60,0
61,1
62,0
63,0
64,0
65,0
66,1
67,1
68,0
69,0
70,0
71,1
72,1
73,1
74,1
75,0
76,0
77,0
78,1
79,1
80,1
81,0
82,1
83,1
84,0
85,1
86,0
87,0
88,1
89,1
90,1
91,1
92,0
93,0
94,0
95,1
96,1
97,1
98,1
99,0
100,0
101,1
102,1
103,1
104,0
105,0
106,0
107,1
108,0
109,1
110,1
111,0
112,1
113,1
114,0
115,1
116,0
117,0
118,1
119,0
120,1
121,0
122,0
123,1
124,1
125,0
126,0
127,0
128,1
129,0
130,0
131,0
132,0
133,0
134,0
135,0
136,0
137,0
138,0
139,0
140,1
141,0
142,0
143,1
144,1
145,0
146,1
147,0
148,0
149,1
150,1
151,0
152,1
153,0
154,0
155,0
156,0
157,0
158,0
159,1
160,1
161,1
162,1
163,0
164,1
165,1
166,1
167,1
168,1
169,1
170,1
171,0
172,1
173,0
174,0
175,0
176,0
177,1
178,1
179,0
180,1
181,0
182,1
183,1
184,0
185,1
186,0
187,1
188,0
189,0
190,1
191,0
192,1
193,1
194,1
195,0
196,1
197,0
198,0
199,0
200,1
201,1
202,1
203,1
204,1
205,0
206,1
207,1
208,0
209,0
210,0
211,0
212,1
213,0
214,1
215,1
216,1
217,1
218,0
219,0
220,1
221,0
222,1
223,1
224,0
225,1
226,1
227,1
228,1
229,0
230,0
231,0
232,0
233,1
234,0
235,0
236,1
237,1
238,0
239,0
240,0
241,1
242,0
243,1
244,0
245,1
246,0
247,0
248,0
249,0
250,0
251,0
252,0
253,1
254,0
255,1
256,1
257,0
258,1
259,1
260,0
261,1
262,0
263,0
264,1
265,1
266,0
267,0
268,1
269,1
270,0
271,1
272,1
273,1
274,0
275,1
276,0
277,0
278,0
279,1
280,1
281,0
282,0
283,0
284,0
285,1
286,1
287,0
288,0
289,0
290,0
291,0
292,1
293,1
294,0
295,0
296,0
297,1
298,1
299,0
300,0
301,1
302,0
303,0
304,0
305,1
306,0
307,0
308,0
309,0
310,0
311,1
312,0
313,1
314,1
315,1
316,1
317,1
318,0
319,1
320,0
321,1
322,0
323,1
324,0
325,1
326,1
327,0
328,0
329,0
330,1
331,0
332,0
333,1
334,1
335,1
336,1
337,0
338,0
339,0
340,1
341,0
342,0
343,0
344,1
345,0
346,0
347,1
348,1
349,0
350,0
351,0
352,0
353,0
354,0
355,0
356,0
357,1
358,1
359,1
360,1
361,0
362,0
363,1
364,0
365,0
366,1
367,0
368,0
369,0
370,1
371,1
372,0
373,1
374,0
375,1
376,1
377,1
378,1
379,1
380,1
381,0
382,0
383,1
384,0
385,0
386,0
387,1
388,1
389,0
390,1
391,1
392,1
393,0
394,0
395,0
396,0
397,0
398,0
399,0
400,1
401,1
402,0
403,0
404,1
405,0
406,1
407,0
408,0
409,1
410,1
411,1
412,0
413,1
414,1
415,1
416,1
417,1
418,1
419,1
420,1
421,0
422,0
423,1
424,0
425,0
426,0
427,0
428,0
429,1
430,0
431,0
432,1
433,1
434,0
435,0
436,1
437,1
438,1
439,0
440,0
441,1
442,0
443,0
444,0
445,1
446,1
447,0
448,0
449,1
450,0
451,0
452,0
453,1
454,1
455,0
456,0
457,0
458,1
459,0
460,0
461,1
462,1
463,1
464,1
465,0
466,0
467,0
468,0
469,0
470,0
471,0
472,0
473,1
474,1
475,0
476,1
477,0
478,1
479,1
480,0
481,0
482,0
483,0
484,0
485,1
486,1
487,0
488,0
489,0
490,0
491,1
492,1
493,1
494,1
495,0
496,1
497,0
498,1
499,1
500,1
501,0
502,1
503,1
504,1
505,1
506,0
507,1
508,0
509,1
510,0
511,1
512,1
513,1
514,0
515,1
516,1
517,0
518,1
519,0
520,0
521,1
522,1
523,1
524,1
525,1
526,0
527,1
528,0
529,0
530,0
531,1
532,1
533,0
534,1
535,1
536,1
537,1
538,1
539,1
540,1
541,1
542,1
543,1
544,0
545,0
546,1
547,0
548,0
549,0
550,0
551,0
552,1
553,0
554,0
555,0
556,0
557,1
558,1
559,0
560,0
561,1
562,0
563,1
564,1
565,0
566,1
567,1
568,0
569,1
570,0
571,1
572,0
573,0
574,1
575,1
576,0
577,0
578,0
579,1
580,1
581,0
582,0
583,0
584,1
585,0
586,0
587,1
588,0
589,1
590,0
591,1
592,0
593,1
594,0
595,0
596,0
597,0
598,0
599,0
600,0
601,0
602,1
603,0
604,0
605,0
606,1
607,0
608,0
609,1
610,0
611,1
612,0
613,1
614,1
615,0
616,1
617,1
618,1
619,0
620,1
621,0
622,1
623,1
624,1
625,0
626,1
627,0
628,1
629,0
630,0
631,1
632,0
633,0
634,0
635,0
636,0
637,1
638,0
639,1
640,0
641,1
642,1
643,0
644,1
645,1
646,1
647,0
648,0
649,0
650,0
651,0
652,1
653,1
654,0
655,0
656,0
657,1
658,0
659,0
660,1
661,1
662,1
663,0
664,0
665,1
666,0
667,0
668,0
669,0
670,1
671,0
672,1
673,1
674,1
675,0
676,1
677,0
678,1
679,0
680,0
681,1
682,0
683,0
684,1
685,1
686,1
687,0
688,0
689,0
690,0
691,0
692,1
693,1
694,1
695,0
696,1
697,0
698,1
699,1
700,1
701,0
702,0
703,0
704,0
705,1
706,1
707,1
708,1
709,0
710,0
711,0
712,1
713,1
714,1
715,0
716,1
717,1
718,1
719,0
720,1
721,0
722,1
723,1
724,0
725,0
726,0
727,1
728,1
729,0
730,0
731,0
732,1
733,0
734,1
735,0
736,0
737,0
738,1
739,1
740,0
741,1
742,0
743,0
744,1
745,0
746,1
747,0
748,0
749,0
750,0
751,0
752,0
753,0
754,0
755,1
756,1
757,1
758,0
759,1
760,0
761,1
762,0
763,1
764,1
765,1
766,1
767,1
768,0
769,1
770,1
771,0
772,0
773,0
774,0
775,1
776,0
777,0
778,1
779,1
780,0
781,1
782,1
783,0
784,1
785,0
786,1
787,0
788,0
789,1
790,1
791,0
792,0
793,0
794,1
795,0
796,0
797,0
798,0
799,1
800,0
801,0
802,0
803,1
804,1
805,0
806,0
807,0
808,1
809,0
810,1
811,0
812,1
813,0
814,1
815,1
816,0
817,0
818,0
819,0
820,1
821,1
822,0
823,1
824,0
825,0
826,0
827,1
828,1
829,1
830,1
831,1
832,1
833,1
834,0
835,0
836,0
837,0
838,0
839,1
840,1
841,0
842,1
843,1
844,1
845,0
846,0
847,0
848,1
849,1
850,1
851,0
852,0
853,0
854,0
855,1
856,1
857,0
858,0
859,0
860,0
861,0
862,0
863,0
864,1
865,1
866,1
867,1
868,0
869,1
870,0
871,0
872,0
873,0
874,0
875,1
876,1
877,0
878,0
879,1
880,0
881,0
882,0
883,0
884,1
885,0
886,0
887,1
888,1
889,1
890,1
891,0
892,1
893,0
894,0
895,1
896,0
897,0
898,0
899,0
900,0
901,0
902,1
903,0
904,0
905,1
906,1
907,0
908,1
909,1
910,1
911,1
912,1
913,1
914,0
915,0
916,0
917,0
918,1
919,1
920,1
921,0
922,0
923,0
924,0
925,1
926,0
927,1
928,1
929,0
930,0
931,1
932,1
933,0
934,0
935,0
936,0
937,1
938,1
939,1
940,1
941,1
942,0
943,0
944,1
945,0
946,1
947,0
948,1
949,1
950,0
951,1
952,1
953,0
954,0
955,0
956,1
957,1
958,1
959,0
960,1
961,1
962,1
963,1
964,1
965,1
966,0
967,1
968,1
969,1
970,0
971,1
972,0
973,1
974,1
975,0
976,0
977,0
978,1
979,1
980,0
981,0
982,0
983,1
984,0
985,0
986,1
987,1
988,0
989,0
990,0
991,1
992,1
993,0
994,0
995,1
996,1
997,1
998,0
999,0
1000,1
1001,1
1002,1
1003,1
1004,0
1005,0
1006,1
1007,1
1008,0
1009,0
1010,1
1011,1
1012,1
1013,1
1014,0
1015,0
1016,1
1017,1
1018,0
1019,1
1020,1
1021,1
1022,1
1023,0
1024,1
1025,1
1026,1
1027,0
1028,0
1029,0
1030,0
1031,0
1032,1
1033,1
1034,1
1035,1
1036,1
1037,0
1038,1
1039,0
1040,0
1041,0
1042,1
1043,1
1044,0
1045,1
1046,1
1047,1
1048,1
1049,1
1050,0
1051,0
1052,1
1053,0
1054,1
1055,1
1056,1
1057,0
1058,1
1059,1
1060,1
1061,0
1062,1
1063,0
1064,1
1065,0
1066,0
1067,1
1068,1
1069,0
1070,0
1071,0
1072,0
1073,1
1074,0
1075,1
1076,1
1077,0
1078,1
1079,0
1080,0
1081,1
1082,1
1083,1
1084,0
1085,0
1086,1
1087,0
1088,1
1089,1
1090,1
1091,0
1092,0
1093,0
1094,1
1095,0
1096,1
1097,1
1098,1
1099,1
1100,0
1101,0
1102,0
1103,1
1104,1
1105,1
1106,0
1107,1
1108,0
1109,1
1110,1
1111,0
1112,0
1113,0
1114,0
1115,0
1116,1
1117,1
1118,1
1119,0
1120,0
1121,1
1122,1
1123,0
1124,0
1125,1
1126,0
1127,0
1128,0
1129,0
1130,0
1131,0
1132,0
1133,0
1134,1
1135,0
1136,0
1137,1
1138,0
1139,1
1140,0
1141,1
1142,1
1143,0
1144,0
1145,0
1146,1
1147,0
1148,0
1149,1
1150,0
1151,1
1152,0
1153,0
1154,0
1155,1
1156,0
1157,0
1158,0
1159,0
1160,1
1161,1
1162,1
1163,1
1164,1
1165,0
1166,1
1167,1
1168,1
1169,1
1170,0
1171,1
1172,0
1173,1
1174,0
1175,1
1176,1
1177,0
1178,1
1179,1
1180,0
1181,1
1182,0
1183,0
1184,0
1185,0
1186,0
1187,1
1188,0
1189,1
1190,1
1191,1
1192,0
1193,1
1194,0
1195,0
1196,1
1197,0
1198,1
1199,0
1200,0
1201,0
1202,0
1203,0
1204,1
1205,1
1206,0
1207,0
1208,1
1209,0
1210,1
1211,0
1212,1
1213,0
1214,0
1215,1
1216,1
1217,1
1218,1
1219,1
1220,0
1221,1
1222,1
1223,1
1224,1
1225,0
1226,1
1227,1
1228,1
1229,0
1230,0
1231,0
1232,0
1233,0
1234,1
1235,1
1236,0
1237,1
1238,0
1239,0
1240,1
1241,0
1242,1
1243,1
1244,1
1245,1
1246,1
1247,0
1248,0
1249,1
1250,0
1251,0
1252,1
1253,0
1254,0
1255,0
1256,0
1257,0
1258,1
1259,0
1260,0
1261,0
1262,0
1263,0
1264,0
1265,0
1266,0
1267,0
1268,1
1269,0
1270,1
1271,1
1272,0
1273,0
1274,1
1275,1
1276,1
1277,1
1278,0
1279,1
1280,1
1281,0
1282,1
1283,1
1284,1
1285,0
1286,0
1287,0
1288,0
1289,0
1290,0
1291,1
1292,0
1293,0
1294,0
1295,1
1296,1
1297,0
1298,0
1299,0
1300,0
1301,0
1302,0
1303,0
1304,1
1305,1
1306,0
1307,1
1308,1
1309,0
1310,1
1311,1
1312,0
1313,0
1314,1
1315,1
1316,1
1317,0
1318,1
1319,0
1320,1
1321,1
1322,1
1323,0
1324,0
1325,0
1326,0
1327,0
1328,0
1329,0
1330,1
1331,1
1332,0
1333,1
1334,1
1335,1
1336,1
1337,0
1338,1
1339,1
1340,0
1341,1
1342,0
1343,0
1344,0
1345,0
1346,1
1347,1
1348,0
1349,0
1350,0
1351,0
1352,1
1353,1
1354,1
1355,1
1356,0
1357,0
1358,0
1359,0
1360,1
1361,1
1362,0
1363,0
1364,0
1365,0
1366,1
1367,0
1368,0
1369,1
1370,0
1371,0
1372,0
1373,0
1374,0
1375,1
1376,0
1377,1
1378,1
1379,1
1380,0
1381,1
1382,0
1383,1
1384,0
1385,0
1386,0
1387,0
1388,0
1389,1
1390,1
1391,0
1392,0
1393,0
1394,1
1395,1
1396,0
1397,0
1398,0
1399,0
1400,1
1401,1
1402,0
1403,0
1404,0
1405,1
1406,0
1407,0
1408,0
1409,0
1410,0
1411,1
1412,0
1413,0
1414,0
1415,1
1416,1
1417,0
1418,0
1419,0
1420,1
1421,0
1422,0
1423,1
1424,1
1425,0
1426,0
1427,1
1428,0
1429,0
1430,0
1431,1
1432,0
1433,1
1434,1
1435,0
1436,0
1437,1
1438,1
1439,0
1440,0
1441,1
1442,0
1443,1
1444,1
1445,1
1446,0
1447,0
1448,1
1449,1
1450,0
1451,1
1452,1
1453,1
1454,0
1455,0
1456,1
1457,1
1458,1
1459,1
1460,0
1461,1
1462,1
1463,0
1464,1
1465,0
1466,1
1467,1
1468,0
1469,1
1470,0
1471,1
1472,1
1473,1
1474,1
1475,1
1476,0
1477,1
1478,0
1479,0
1480,1
1481,1
1482,0
1483,1
1484,1
1485,1
1486,1
1487,0
1488,1
1489,0
1490,0
1491,0
1492,0
1493,0
1494,1
1495,1
1496,1
1497,0
1498,0
1499,1
1500,0
1501,1
1502,1
1503,1
1504,0
1505,1
1506,0
1507,1
1508,1
1509,1
1510,1
1511,0
1512,0
1513,0
1514,1
1515,0
1516,0
1517,1
1518,1
1519,1
1520,1
1521,0
1522,1
1523,0
1524,1
1525,1
1526,0
1527,0
1528,0
1529,0
1530,1
1531,1
1532,0
1533,1
1534,0
1535,0
1536,1
1537,1
1538,0
1539,1
1540,0
1541,0
1542,0
1543,0
1544,0
1545,0
1546,1
1547,0
1548,1
1549,0
1550,1
1551,1
1552,0
1553,0
1554,0
1555,1
1556,1
1557,1
1558,0
1559,1
1560,1
1561,0
1562,1
1563,1
1564,0
1565,0
1566,1
1567,1
1568,0
1569,1
1570,0
1571,1
1572,1
1573,1
1574,1
1575,0
1576,1
1577,0
1578,0
1579,0
1580,0
1581,0
1582,1
1583,0
1584,0
1585,0
1586,1
1587,0
1588,1
1589,0
1590,1
1591,1
1592,1
1593,0
1594,0
1595,1
1596,0
1597,0
1598,1
1599,0
1600,1
1601,0
1602,0
1603,1
1604,1
1605,0
1606,1
1607,0
1608,1
1609,1
1610,0
1611,1
1612,0
1613,0
1614,0
1615,1
1616,0
1617,1
1618,1
1619,1
1620,1
1621,0
1622,0
1623,1
1624,0
1625,1
1626,0
1627,0
1628,1
1629,1
1630,0
1631,0
1632,0
1633,0
1634,0
1635,0
1636,1
1637,1
1638,0
1639,0
1640,0
1641,1
1642,0
1643,1
1644,1
1645,1
1646,1
1647,1
1648,1
1649,1
1650,1
1651,1
1652,0
1653,1
1654,0
1655,0
1656,1
1657,1
1658,1
1659,0
1660,1
1661,0
1662,0
1663,0
1664,1
1665,1
1666,0
1667,0
1668,0
1669,1
1670,1
1671,1
1672,1
1673,1
1674,0
1675,1
1676,0
1677,0
1678,0
1679,1
1680,0
1681,0
1682,0
1683,1
1684,1
1685,0
1686,0
1687,0
1688,1
1689,0
1690,0
1691,1
1692,1
1693,0
1694,0
1695,0
1696,1
1697,1
1698,1
1699,1
1700,0
1701,1
1702,1
1703,0
1704,0
1705,0
1706,1
1707,1
1708,0
1709,0
1710,1
1711,1
1712,0
1713,1
1714,1
1715,0
1716,1
1717,1
1718,1
1719,0
1720,1
1721,0
1722,0
1723,1
1724,1
1725,1
1726,1
1727,0
1728,0
1729,0
1730,1
1731,1
1732,1
1733,1
1734,0
1735,1
1736,1
1737,0
1738,1
1739,1
1740,1
1741,0
1742,0
1743,0
1744,0
1745,0
1746,0
1747,0
1748,1
1749,1
1750,0
1751,0
1752,0
1753,1
1754,0
1755,1
1756,0
1757,0
1758,0
1759,0
1760,0
1761,0
1762,0
1763,0
1764,1
1765,0
1766,1
1767,0
1768,0
1769,1
1770,0
1771,1
1772,1
1773,1
1774,1
1775,0
1776,1
1777,1
1778,0
1779,0
1780,1
1781,1
1782,1
1783,0
1784,1
1785,1
1786,1
1787,1
1788,0
1789,1
1790,1
1791,0
1792,0
1793,0
1794,1
1795,0
1796,0
1797,0
1798,0
1799,1
1800,1
1801,0
1802,0
1803,0
1804,1
1805,1
1806,0
1807,0
1808,0
1809,0
1810,1
1811,1
1812,0
1813,0
1814,1
1815,1
1816,0
1817,0
1818,0
1819,1
1820,0
1821,1
1822,0
1823,1
1824,0
1825,0
1826,1
1827,0
1828,1
1829,0
1830,1
1831,1
1832,0
1833,1
1834,1
1835,0
1836,0
1837,1
1838,1
1839,0
1840,0
1841,1
1842,0
1843,0
1844,0
1845,0
1846,0
1847,0
1848,1
1849,0
1850,1
1851,0
1852,0
1853,1
1854,0
1855,1
1856,0
1857,0
1858,1
1859,1
1860,1
1861,1
1862,1
1863,0
1864,0
1865,0
1866,1
1867,1
1868,0
1869,0
1870,0
1871,0
1872,1
1873,0
1874,1
1875,1
1876,1
1877,1
1878,1
1879,0
1880,1
1881,0
1882,1
1883,1
1884,1
1885,0
1886,0
1887,1
1888,1
1889,1
1890,0
1891,0
1892,1
1893,0
1894,0
1895,1
1896,1
1897,0
1898,0
1899,1
1900,0
1901,0
1902,0
1903,0
1904,0
1905,0
1906,1
1907,1
1908,1
1909,0
1910,1
1911,0
1912,1
1913,1
1914,0
1915,1
1916,1
1917,1
1918,0
1919,1
1920,1
1921,1
1922,1
1923,0
1924,0
1925,1
1926,1
1927,0
1928,0
1929,1
1930,1
1931,0
1932,0
1933,0
1934,0
1935,0
1936,1
1937,0
1938,0
1939,1
1940,0
1941,0
1942,0
1943,0
1944,0
1945,0
1946,0
1947,0
1948,1
1949,0
1950,1
1951,1
1952,1
1953,1
1954,1
1955,1
1956,1
1957,0
1958,0
1959,1
1960,1
1961,1
1962,0
1963,0
1964,1
1965,1
1966,0
1967,0
1968,0
1969,0
1970,1
1971,0
1972,0
1973,1
1974,1
1975,0
1976,1
1977,0
1978,0
1979,1
1980,1
1981,1
1982,0
1983,1
1984,1
1985,0
1986,1
1987,1
1988,1
1989,1
1990,1
1991,1
1992,0
1993,1
1994,0
1995,0
1996,1
1997,1
1998,1
1999,0
2000,0
2001,1
2002,0
2003,1
2004,0
2005,0
2006,1
2007,1
2008,0
2009,1
2010,0
2011,1
2012,0
2013,1
2014,0
2015,0
2016,0
2017,1
2018,0
2019,0
2020,0
2021,0
2022,0
2023,1
2024,0
2025,0
2026,0
2027,1
2028,0
2029,0
2030,1
2031,1
2032,0
2033,1
2034,1
2035,1
2036,1
2037,0
2038,1
2039,0
2040,0
2041,0
2042,0
2043,1
2044,1
2045,1
2046,1
2047,0
2048,0
2049,1
2050,0
2051,0
2052,0
2053,1
2054,0
2055,1
2056,0
2057,0
2058,0
2059,0
2060,1
2061,1
2062,0
2063,1
2064,1
2065,1
2066,0
2067,1
2068,1
2069,1
2070,0
2071,1
2072,0
2073,0
2074,0
2075,0
2076,1
2077,1
2078,0
2079,1
2080,0
2081,1
2082,1
2083,1
2084,0
2085,1
2086,1
2087,0
2088,0
2089,1
2090,0
2091,1
2092,1
2093,0
2094,0
2095,1
2096,1
2097,1
2098,1
2099,0
2100,1
2101,0
2102,0
2103,1
2104,0
2105,1
2106,1
2107,0
2108,1
2109,0
2110,0
2111,1
2112,1
2113,0
2114,0
2115,0
2116,0
2117,0
2118,1
2119,0
2120,1
2121,1
2122,0
2123,1
2124,1
2125,0
2126,0
2127,0
2128,0
2129,1
2130,1
2131,0
2132,0
2133,1
2134,0
2135,0
2136,0
2137,1
2138,1
2139,1
2140,1
2141,1
2142,1
2143,1
2144,0
2145,1
2146,0
2147,0
2148,1
2149,0
2150,0
2151,0
2152,1
2153,0
2154,0
2155,1
2156,1
2157,1
2158,0
2159,0
2160,1
2161,0
2162,0
2163,1
2164,0
2165,1
2166,1
2167,0
2168,0
2169,1
2170,0
2171,0
2172,1
2173,0
2174,1
2175,0
2176,0
2177,1
2178,1
2179,1
2180,1
2181,1
2182,0
2183,1
2184,1
2185,1
2186,1
2187,1
2188,1
2189,1
2190,1
2191,1
2192,0
2193,0
2194,0
2195,0
2196,0
2197,1
2198,1
2199,0
2200,0
2201,0
2202,1
2203,0
2204,1
2205,0
2206,0
2207,1
2208,0
2209,0
2210,1
2211,1
2212,0
2213,1
2214,0
2215,0
2216,1
2217,0
2218,0
2219,1
2220,0
2221,1
2222,0
2223,1
2224,0
2225,1
2226,0
2227,1
2228,1
2229,1
2230,1
2231,0
2232,0
2233,0
2234,0
2235,1
2236,1
2237,0
2238,0
2239,0
2240,1
2241,0
2242,1
2243,1
2244,0
2245,0
2246,0
2247,1
2248,0
2249,1
2250,0
2251,0
2252,0
2253,1
2254,1
2255,0
2256,0
2257,0
2258,0
2259,0
2260,1
2261,0
2262,1
2263,0
2264,1
2265,1
2266,1
2267,0
2268,0
2269,0
2270,0
2271,1
2272,1
2273,0
2274,1
2275,0
2276,0
2277,0
2278,0
2279,0
2280,0
2281,0
2282,1
2283,0
2284,0
2285,0
2286,0
2287,1
2288,0
2289,0
2290,1
2291,0
2292,1
2293,0
2294,1
2295,1
2296,1
2297,1
2298,1
2299,0
2300,0
2301,0
2302,0
2303,0
2304,1
2305,0
2306,1
2307,0
2308,0
2309,1
2310,1
2311,0
2312,1
2313,1
2314,0
2315,1
2316,1
2317,1
2318,0
2319,0
2320,1
2321,0
2322,1
2323,1
2324,1
2325,0
2326,1
2327,1
2328,1
2329,1
2330,1
2331,0
2332,1
2333,1
2334,1
2335,0
2336,1
2337,1
2338,0
2339,0
2340,0
2341,0
2342,0
2343,1
2344,0
2345,1
2346,0
2347,1
2348,1
2349,1
2350,1
2351,0
2352,0
2353,1
2354,1
2355,0
2356,1
2357,0
2358,0
2359,1
2360,1
2361,1
2362,1
2363,1
2364,0
2365,0
2366,0
2367,0
2368,0
2369,0
2370,1
2371,0
2372,1
2373,1
2374,0
2375,0
2376,1
2377,0
2378,0
2379,1
2380,1
2381,1
2382,1
2383,1
2384,1
2385,1
2386,0
2387,0
2388,0
2389,1
2390,1
2391,1
2392,1
2393,0
2394,1
2395,1
2396,0
2397,0
2398,0
2399,0
2400,0
2401,1
2402,0
2403,1
2404,1
2405,0
2406,0
2407,1
2408,1
2409,0
2410,0
2411,0
2412,1
2413,0
2414,0
2415,0
2416,0
2417,1
2418,0
2419,0
2420,0
2421,0
2422,1
2423,1
2424,0
2425,1
2426,0
2427,0
2428,0
2429,0
2430,1
2431,0
2432,0
2433,0
2434,0
2435,1
2436,1
2437,0
2438,1
2439,0
2440,1
2441,1
2442,1
2443,0
2444,0
2445,0
2446,0
2447,1
2448,1
2449,0
2450,1
2451,0
2452,0
2453,0
2454,1
2455,1
2456,1
2457,1
2458,1
2459,1
2460,0
2461,1
2462,1
2463,1
2464,0
2465,1
2466,1
2467,0
2468,1
2469,0
2470,0
2471,1
2472,0
2473,1
2474,1
2475,0
2476,0
2477,1
2478,1
2479,1
2480,1
2481,0
2482,0
2483,1
2484,1
2485,0
2486,0
2487,1
2488,0
2489,0
2490,0
2491,1
2492,0
2493,1
2494,0
2495,0
2496,1
2497,1
2498,0
2499,1
2500,0
2501,0
2502,0
2503,0
2504,0
2505,1
2506,1
2507,1
2508,0
2509,0
2510,1
2511,0
2512,1
2513,1
2514,1
2515,1
2516,0
2517,1
2518,0
2519,1
2520,1
2521,0
2522,1
2523,1
2524,0
2525,1
2526,1
2527,0
2528,0
2529,1
2530,0
2531,1
2532,0
2533,0
2534,1
2535,1
2536,0
2537,0
2538,0
2539,1
2540,0
2541,1
2542,1
2543,0
2544,1
2545,0
2546,1
2547,0
2548,0
2549,0
2550,1
2551,0
2552,0
2553,0
2554,1
2555,0
2556,0
2557,0
2558,0
2559,1
2560,0
2561,1
2562,0
2563,1
2564,1
2565,1
2566,0
2567,0
2568,0
2569,0
2570,1
2571,1
2572,1
2573,0
2574,1
2575,1
2576,1
2577,1
2578,0
2579,1
2580,0
2581,1
2582,1
2583,1
2584,0
2585,1
2586,0
2587,0
2588,0
2589,0
2590,0
2591,0
2592,0
2593,0
2594,1
2595,0
2596,1
2597,0
2598,0
2599,0
2600,1
2601,0
2602,1
2603,0
2604,0
2605,1
2606,0
2607,0
2608,0
2609,0
2610,1
2611,1
2612,0
2613,1
2614,1
2615,0
2616,0
2617,0
2618,0
2619,1
2620,1
2621,0
2622,1
2623,1
2624,1
2625,0
2626,1
2627,1
2628,0
2629,0
2630,0
2631,1
2632,0
2633,1
2634,1
2635,1
2636,0
2637,0
2638,0
2639,1
2640,1
2641,1
2642,1
2643,1
2644,0
2645,0
2646,0
2647,0
2648,1
2649,1
2650,1
2651,1
2652,0
2653,1
2654,1
2655,0
2656,0
2657,0
2658,0
2659,1
2660,1
2661,0
2662,1
2663,0
2664,1
2665,1
2666,0
2667,0
2668,1
2669,1
2670,1
2671,0
2672,0
2673,1
2674,1
2675,0
2676,0
2677,1
2678,0
2679,0
2680,1
2681,0
2682,0
2683,1
2684,1
2685,1
2686,1
2687,1
2688,1
2689,1
2690,1
2691,1
2692,0
2693,0
2694,1
2695,0
2696,0
2697,0
2698,1
2699,0
2700,1
2701,0
2702,0
2703,0
2704,1
2705,1
2706,0
2707,0
2708,0
2709,1
2710,0
2711,1
2712,1
2713,0
2714,1
2715,0
2716,0
2717,0
2718,1
2719,1
2720,1
2721,0
2722,1
2723,1
2724,1
2725,1
2726,1
2727,1
2728,0
2729,1
2730,1
2731,0
2732,1
2733,1
2734,1
2735,1
2736,1
2737,1
2738,1
2739,0
2740,0
2741,1
2742,0
2743,0
2744,0
2745,0
2746,1
2747,1
2748,0
2749,0
2750,0
2751,1
2752,1
2753,1
2754,1
2755,1
2756,0
2757,0
2758,0
2759,0
2760,0
2761,1
2762,0
2763,1
2764,1
2765,0
2766,0
2767,1
2768,1
2769,1
2770,1
2771,1
2772,0
2773,1
2774,0
2775,0
2776,0
2777,1
2778,1
2779,1
2780,1
2781,0
2782,0
2783,0
2784,1
2785,0
2786,0
2787,1
2788,1
2789,0
2790,0
2791,0
2792,0
2793,0
2794,1
2795,0
2796,1
2797,0
2798,1
2799,0
2800,0
2801,1
2802,0
2803,0
2804,0
2805,1
2806,0
2807,1
2808,0
2809,1
2810,1
2811,1
2812,0
2813,1
2814,1
2815,1
2816,0
2817,1
2818,1
2819,0
2820,1
2821,1
2822,0
2823,1
2824,1
2825,1
2826,0
2827,1
2828,1
2829,1
2830,1
2831,0
2832,0
2833,0
2834,0
2835,0
2836,0
2837,1
2838,0
2839,0
2840,0
2841,0
2842,1
2843,0
2844,1
2845,1
2846,1
2847,0
2848,1
2849,1
2850,1
2851,0
2852,1
2853,1
2854,1
2855,1
2856,0
2857,1
2858,0
2859,0
2860,0
2861,0
2862,1
2863,0
2864,1
2865,1
2866,1
2867,0
2868,1
2869,0
2870,0
2871,0
2872,1
2873,1
2874,0
2875,1
2876,0
2877,1
2878,1
2879,1
2880,1
2881,1
2882,1
2883,1
2884,0
2885,0
2886,0
2887,1
2888,0
2889,1
2890,1
2891,0
2892,0
2893,1
2894,1
2895,0
2896,0
2897,0
2898,1
2899,0
2900,0
2901,1
2902,0
2903,1
2904,0
2905,1
2906,1
2907,0
2908,1
2909,0
2910,0
2911,1
2912,1
2913,0
2914,0
2915,1
2916,0
2917,0
2918,1
2919,0
2920,1
2921,0
2922,1
2923,1
2924,0
2925,1
2926,0
2927,1
2928,1
2929,0
2930,1
2931,1
2932,0
2933,0
2934,0
2935,1
2936,0
2937,1
2938,0
2939,0
2940,1
2941,1
2942,1
2943,1
2944,1
2945,0
2946,1
2947,0
2948,0
2949,1
2950,1
2951,1
2952,0
2953,0
2954,0
2955,0
2956,0
2957,1
2958,1
2959,1
2960,1
2961,0
2962,1
2963,1
2964,1
2965,1
2966,1
2967,1
2968,0
2969,0
2970,1
2971,1
2972,0
2973,1
2974,1
2975,0
2976,0
2977,1
2978,0
2979,1
2980,0
2981,0
2982,0
2983,0
2984,1
2985,0
2986,0
2987,1
2988,1
2989,0
2990,0
2991,0
2992,0
2993,0
2994,1
2995,1
2996,1
2997,0
2998,0
2999,1
3000,0
3001,0
3002,0
3003,0
3004,0
3005,1
3006,0
3007,1
3008,1
3009,1
3010,1
3011,1
3012,1
3013,1
3014,1
3015,1
3016,0
3017,1
3018,0
3019,0
3020,0
3021,1
3022,1
3023,0
3024,0
3025,0
3026,1
3027,0
3028,0
3029,0
3030,0
3031,1
3032,1
3033,0
3034,1
3035,0
3036,0
3037,0
3038,0
3039,0
3040,0
3041,0
3042,0
3043,1
3044,0
3045,0
3046,1
3047,0
3048,1
3049,0
3050,0
3051,0
3052,1
3053,1
3054,0
3055,1
3056,1
3057,1
3058,1
3059,0
3060,1
3061,1
3062,1
3063,0
3064,1
3065,0
3066,1
3067,1
3068,0
3069,0
3070,0
3071,0
3072,0
3073,1
3074,1
3075,0
3076,1
3077,0
3078,0
3079,1
3080,0
3081,1
3082,0
3083,1
3084,0
3085,0
3086,0
3087,0
3088,1
3089,1
3090,0
3091,1
3092,0
3093,1
3094,1
3095,0
3096,0
3097,1
3098,1
3099,0
3100,0
3101,0
3102,1
3103,1
3104,0
3105,0
3106,0
3107,0
3108,0
3109,0
3110,1
3111,1
3112,1
3113,1
3114,1
3115,0
3116,0
3117,1
3118,0
3119,0
3120,0
3121,0
3122,1
3123,1
3124,0
3125,1
3126,0
3127,1
3128,0
3129,0
3130,1
3131,0
3132,0
3133,1
3134,1
3135,1
3136,1
3137,1
3138,1
3139,0
3140,1
3141,1
3142,1
3143,0
3144,0
3145,1
3146,0
3147,0
3148,1
3149,0
3150,0
3151,0
3152,0
3153,1
3154,0
3155,1
3156,0
3157,0
3158,0
3159,1
3160,1
3161,0
3162,1
3163,1
3164,1
3165,0
3166,1
3167,1
3168,1
3169,0
3170,1
3171,0
3172,1
3173,1
3174,0
3175,1
3176,0
3177,0
3178,1
3179,1
3180,1
3181,0
3182,0
3183,0
3184,0
3185,1
3186,1
3187,1
3188,0
3189,0
3190,1
3191,1
3192,1
3193,0
3194,0
3195,0
3196,1
3197,1
3198,1
3199,0
3200,0
3201,1
3202,1
3203,0
3204,0
3205,0
3206,1
3207,0
3208,0
3209,1
3210,1
3211,1
3212,0
3213,1
3214,1
3215,0
3216,0
3217,1
3218,1
3219,1
3220,0
3221,1
3222,0
3223,1
3224,0
3225,1
3226,0
3227,0
3228,0
3229,1
3230,0
3231,1
3232,1
3233,0
3234,0
3235,0
3236,0
3237,1
3238,0
3239,0
3240,0
3241,1
3242,0
3243,0
3244,0
3245,1
3246,0
3247,1
3248,1
3249,0
3250,0
3251,1
3252,0
3253,1
3254,0
3255,1
3256,0
3257,0
3258,0
3259,1
3260,0
3261,1
3262,1
3263,0
3264,0
3265,1
3266,1
3267,0
3268,1
3269,0
3270,1
3271,1
3272,0
3273,1
3274,0
3275,1
3276,0
3277,0
3278,0
3279,0
3280,0
3281,0
3282,0
3283,1
3284,1
3285,0
3286,1
3287,0
3288,0
3289,0
3290,0
3291,1
3292,1
3293,0
3294,0
3295,0
3296,0
3297,0
3298,0
3299,0
3300,0
3301,0
3302,1
3303,1
3304,1
3305,1
3306,1
3307,1
3308,1
3309,1
3310,1
3311,0
3312,1
3313,1
3314,1
3315,1
3316,1
3317,0
3318,0
3319,1
3320,1
3321,0
3322,1
3323,1
3324,0
3325,0
3326,0
3327,1
3328,1
3329,0
3330,0
3331,0
3332,1
3333,0
3334,0
3335,1
3336,0
3337,1
3338,0
3339,0
3340,0
3341,1
3342,1
3343,1
3344,0
3345,0
3346,0
3347,1
3348,1
3349,0
3350,1
3351,1
3352,0
3353,1
3354,1
3355,0
3356,0
3357,1
3358,0
3359,0
3360,1
3361,1
3362,1
3363,1
3364,1
3365,1
3366,0
3367,1
3368,0
3369,1
3370,0
3371,1
3372,1
3373,1
3374,0
3375,1
3376,0
3377,1
3378,1
3379,0
3380,0
3381,1
3382,1
3383,0
3384,0
3385,0
3386,0
3387,1
3388,1
3389,1
3390,1
3391,1
3392,1
3393,1
3394,1
3395,0
3396,1
3397,0
3398,1
3399,1
3400,1
3401,0
3402,0
3403,0
3404,0
3405,0
3406,1
3407,0
3408,1
3409,0
3410,0
3411,1
3412,0
3413,1
3414,0
3415,0
3416,0
3417,1
3418,1
3419,1
3420,0
3421,0
3422,0
3423,1
3424,1
3425,0
3426,0
3427,0
3428,0
3429,1
3430,0
3431,0
3432,1
3433,0
3434,0
3435,0
3436,1
3437,1
3438,0
3439,0
3440,0
3441,0
3442,0
3443,0
3444,0
3445,1
3446,1
3447,1
3448,1
3449,1
3450,1
3451,1
3452,0
3453,0
3454,0
3455,1
3456,0
3457,0
3458,1
3459,0
3460,0
3461,1
3462,1
3463,0
3464,0
3465,1
3466,0
3467,0
3468,1
3469,0
3470,0
3471,0
3472,0
3473,0
3474,0
3475,1
3476,0
3477,1
3478,0
3479,0
3480,0
3481,0
3482,1
3483,0
3484,0
3485,1
3486,0
3487,1
3488,0
3489,1
3490,1
3491,0
3492,1
3493,0
3494,1
3495,1
3496,1
3497,1
3498,1
3499,0
3500,0
3501,0
3502,0
3503,1
3504,0
3505,0
3506,0
3507,1
3508,0
3509,1
3510,1
3511,1
3512,1
3513,1
3514,1
3515,1
3516,0
3517,0
3518,1
3519,0
3520,0
3521,0
3522,0
3523,0
3524,1
3525,0
3526,1
3527,1
3528,0
3529,0
3530,1
3531,0
3532,0
3533,1
3534,1
3535,0
3536,1
3537,1
3538,1
3539,1
3540,1
3541,1
3542,1
3543,0
3544,1
3545,1
3546,0
3547,0
3548,0
3549,0
3550,1
3551,0
3552,1
3553,0
3554,0
3555,1
3556,0
3557,0
3558,1
3559,0
3560,1
3561,1
3562,1
3563,0
3564,1
3565,0
3566,0
3567,1
3568,1
3569,0
3570,0
3571,0
3572,0
3573,1
3574,0
3575,1
3576,1
3577,0
3578,0
3579,0
3580,1
3581,0
3582,1
3583,0
3584,0
3585,1
3586,0
3587,0
3588,1
3589,0
3590,1
3591,0
3592,0
3593,0
3594,0
3595,1
3596,1
3597,0
3598,1
3599,0
3600,0
3601,1
3602,0
3603,0
3604,0
3605,0
3606,0
3607,0
3608,1
3609,0
3610,0
3611,1
3612,0
3613,1
3614,0
3615,0
3616,1
3617,0
3618,1
3619,1
3620,0
3621,0
3622,0
3623,1
3624,0
3625,1
3626,1
3627,0
3628,1
3629,0
3630,1
3631,1
3632,1
3633,1
3634,0
3635,1
3636,1
3637,1
3638,0
3639,1
3640,0
3641,0
3642,0
3643,0
3644,0
3645,0
3646,0
3647,1
3648,1
3649,0
3650,1
3651,1
3652,1
3653,1
3654,0
3655,0
3656,0
3657,1
3658,1
3659,0
3660,1
3661,1
3662,0
3663,1
3664,1
3665,1
3666,0
3667,0
3668,0
3669,1
3670,1
3671,0
3672,0
3673,1
3674,1
3675,0
3676,1
3677,1
3678,0
3679,0
3680,0
3681,1
3682,1
3683,0
3684,1
3685,0
3686,0
3687,0
3688,1
3689,1
3690,1
3691,1
3692,1
3693,0
3694,0
3695,0
3696,0
3697,0
3698,0
3699,0
3700,0
3701,1
3702,0
3703,1
3704,0
3705,0
3706,1
3707,1
3708,0
3709,0
3710,0
3711,0
3712,0
3713,0
3714,1
3715,1
3716,1
3717,0
3718,1
3719,0
3720,0
3721,1
3722,0
3723,0
3724,0
3725,1
3726,1
3727,0
3728,1
3729,0
3730,0
3731,1
3732,0
3733,0
3734,0
3735,0
3736,1
3737,0
3738,0
3739,1
3740,0
3741,1
3742,1
3743,1
3744,0
3745,0
3746,0
3747,0
3748,0
3749,1
3750,0
3751,0
3752,1
3753,0
3754,1
3755,1
3756,0
3757,1
3758,1
3759,1
3760,1
3761,1
3762,0
3763,0
3764,0
3765,0
3766,1
3767,0
3768,1
3769,1
3770,0
3771,0
3772,1
3773,0
3774,1
3775,1
3776,0
3777,1
3778,1
3779,0
3780,0
3781,0
3782,1
3783,0
3784,0
3785,0
3786,0
3787,1
3788,1
3789,0
3790,1
3791,0
3792,0
3793,0
3794,1
3795,0
3796,1
3797,0
3798,0
3799,0
3800,0
3801,0
3802,0
3803,1
3804,1
3805,1
3806,1
3807,1
3808,1
3809,1
3810,1
3811,0
3812,1
3813,0
3814,1
3815,0
3816,0
3817,0
3818,0
3819,0
3820,1
3821,0
3822,0
3823,1
3824,0
3825,0
3826,0
3827,1
3828,1
3829,1
3830,0
3831,0
3832,0
3833,1
3834,0
3835,1
3836,0
3837,0
3838,1
3839,0
3840,1
3841,0
3842,0
3843,1
3844,0
3845,1
3846,1
3847,1
3848,1
3849,0
3850,0
3851,0
3852,1
3853,0
3854,1
3855,1
3856,0
3857,0
3858,1
3859,1
3860,1
3861,1
3862,1
3863,1
3864,0
3865,0
3866,1
3867,1
3868,1
3869,0
3870,0
3871,1
3872,0
3873,1
3874,0
3875,0
3876,1
3877,1
3878,1
3879,1
3880,1
3881,0
3882,1
3883,1
3884,1
3885,1
3886,0
3887,1
3888,1
3889,1
3890,1
3891,1
3892,0
3893,1
3894,0
3895,0
3896,1
3897,0
3898,1
3899,0
3900,0
3901,1
3902,0
3903,1
3904,1
3905,0
3906,0
3907,0
3908,0
3909,1
3910,0
3911,1
3912,1
3913,0
3914,1
3915,1
3916,1
3917,0
3918,1
3919,0
3920,1
3921,1
3922,0
3923,0
3924,0
3925,0
3926,1
3927,0
3928,1
3929,0
3930,1
3931,1
3932,1
3933,0
3934,1
3935,0
3936,0
3937,0
3938,0
3939,0
3940,0
3941,1
3942,1
3943,0
3944,0
3945,1
3946,1
3947,0
3948,1
3949,0
3950,0
3951,1
3952,1
3953,1
3954,1
3955,0
3956,1
3957,0
3958,1
3959,0
3960,0
3961,1
3962,1
3963,1
3964,1
3965,0
3966,1
3967,1
3968,1
3969,1
3970,1
3971,1
3972,0
3973,0
3974,0
3975,0
3976,1
3977,1
3978,0
3979,1
3980,1
3981,0
3982,1
3983,0
3984,1
3985,1
3986,1
3987,1
3988,0
3989,0
3990,1
3991,1
3992,0
3993,1
3994,0
3995,0
3996,1
3997,0
3998,1
3999,0
4000,1
4001,0
4002,1
4003,1
4004,1
4005,0
4006,0
4007,0
4008,1
4009,1
4010,0
4011,1
4012,1
4013,1
4014,1
4015,0
4016,1
4017,0
4018,0
4019,0
4020,0
4021,1
4022,0
4023,1
4024,1
4025,1
4026,0
4027,1
4028,0
4029,1
4030,1
4031,0
4032,0
4033,0
4034,1
4035,1
4036,1
4037,1
4038,1
4039,0
4040,1
4041,0
4042,1
4043,1
4044,0
4045,0
4046,0
4047,0
4048,1
4049,0
4050,1
4051,1
4052,1
4053,1
4054,0
4055,1
4056,0
4057,0
4058,0
4059,1
4060,0
4061,0
4062,1
4063,0
4064,0
4065,0
4066,1
4067,1
4068,0
4069,0
4070,0
4071,1
4072,1
4073,0
4074,0
4075,1
4076,0
4077,1
4078,0
4079,0
4080,1
4081,1
4082,0
4083,0
4084,0
4085,0
4086,0
4087,1
4088,1
4089,1
4090,0
4091,0
4092,1
4093,1
4094,1
4095,1
4096,0
4097,0
4098,0
4099,0
4100,0
4101,0
4102,1
4103,0
4104,0
4105,1
4106,1
4107,0
4108,1
4109,1
4110,0
4111,0
4112,1
4113,1
4114,1
4115,0
4116,0
4117,0
4118,0
4119,0
4120,0
4121,1
4122,0
4123,0
4124,0
4125,0
4126,1
4127,0
4128,1
4129,0
4130,1
4131,1
4132,0
4133,1
4134,0
4135,1
4136,0
4137,1
4138,0
4139,1
4140,0
4141,0
4142,0
4143,0
4144,1
4145,1
4146,1
4147,1
4148,1
4149,1
4150,0
4151,1
4152,0
4153,1
4154,1
4155,0
4156,0
4157,0
4158,1
4159,1
4160,0
4161,1
4162,1
4163,1
4164,1
4165,1
4166,0
4167,1
4168,1
4169,1
4170,1
4171,0
4172,1
4173,0
4174,1
4175,0
4176,1
4177,0
4178,0
4179,0
4180,0
4181,0
4182,0
4183,1
4184,1
4185,0
4186,1
4187,0
4188,0
4189,0
4190,0
4191,1
4192,0
4193,1
4194,1
4195,1
4196,0
4197,1
4198,0
4199,0
4200,1
4201,0
4202,0
4203,1
4204,0
4205,1
4206,1
4207,1
4208,0
4209,0
4210,1
4211,0
4212,0
4213,0
4214,0
4215,0
4216,0
4217,1
4218,0
4219,0
4220,1
4221,1
4222,1
4223,1
4224,0
4225,0
4226,1
4227,0
4228,0
4229,1
4230,0
4231,1
4232,0
4233,0
4234,1
4235,0
4236,0
4237,1
4238,1
4239,0
4240,0
4241,0
4242,1
4243,1
4244,0
4245,1
4246,1
4247,0
4248,1
4249,0
4250,0
4251,0
4252,0
4253,0
4254,0
4255,1
4256,0
4257,0
4258,1
4259,1
4260,1
4261,1
4262,0
4263,0
4264,1
4265,1
4266,0
4267,0
4268,0
4269,1
4270,1
4271,1
4272,0
4273,1
4274,0
4275,0
4276,0
4277,0
4278,0
4279,1
4280,1
4281,1
4282,0
4283,0
4284,0
4285,1
4286,0
4287,1
4288,0
4289,0
4290,1
4291,0
4292,0
4293,1
4294,0
4295,1
4296,0
4297,0
4298,0
4299,1
4300,1
4301,1
4302,0
4303,1
4304,1
4305,1
4306,1
4307,0
4308,1
4309,1
4310,1
4311,1
4312,0
4313,0
4314,1
4315,1
4316,1
4317,1
4318,0
4319,1
4320,1
4321,0
4322,0
4323,0
4324,1
4325,0
4326,0
4327,1
4328,0
4329,1
4330,0
4331,1
4332,1
4333,0
4334,1
4335,0
4336,1
4337,0
4338,1
4339,1
4340,1
4341,1
4342,1
4343,0
4344,0
4345,0
4346,0
4347,1
4348,1
4349,0
4350,1
4351,1
4352,0
4353,0
4354,0
4355,0
4356,0
4357,0
4358,0
4359,0
4360,0
4361,0
4362,1
4363,0
4364,1
4365,1
4366,0
4367,0
4368,1
4369,1
4370,0
4371,1
4372,0
4373,0
4374,0
4375,0
4376,0
4377,0
4378,0
4379,1
4380,0
4381,0
4382,0
4383,1
4384,0
4385,0
4386,0
4387,0
4388,0
4389,0
4390,1
4391,0
4392,0
4393,0
4394,1
4395,0
4396,0
4397,1
4398,0
4399,0
4400,1
4401,1
4402,0
4403,0
4404,1
4405,0
4406,0
4407,1
4408,0
4409,0
4410,1
4411,1
4412,1
4413,0
4414,1
4415,0
4416,1
4417,1
4418,0
4419,0
4420,0
4421,1
4422,1
4423,1
4424,1
4425,1
4426,1
4427,1
4428,0
4429,1
4430,1
4431,0
4432,0
4433,0
4434,1
4435,0
4436,0
4437,1
4438,0
4439,1
4440,1
4441,1
4442,1
4443,1
4444,1
4445,0
4446,0
4447,0
4448,1
4449,0
4450,0
4451,1
4452,0
4453,1
4454,1
4455,0
4456,0
4457,0
4458,0
4459,1
4460,1
4461,0
4462,1
4463,1
4464,0
4465,1
4466,1
4467,1
4468,1
4469,0
4470,0
4471,0
4472,1
4473,0
4474,0
4475,1
4476,0
4477,0
4478,0
4479,0
4480,0
4481,1
4482,1
4483,1
4484,0
4485,0
4486,1
4487,0
4488,1
4489,0
4490,1
4491,1
4492,0
4493,1
4494,0
4495,1
4496,1
4497,1
4498,1
4499,0
4500,1
4501,0
4502,1
4503,0
4504,1
4505,1
4506,1
4507,1
4508,1
4509,0
4510,1
4511,1
4512,1
4513,0
4514,1
4515,0
4516,1
4517,0
4518,1
4519,0
4520,1
4521,1
4522,0
4523,1
4524,1
4525,1
4526,0
4527,1
4528,1
4529,0
4530,0
4531,0
4532,1
4533,1
4534,1
4535,0
4536,0
4537,0
4538,1
4539,0
4540,0
4541,0
4542,1
4543,1
4544,0
4545,1
4546,1
4547,0
4548,1
4549,0
4550,1
4551,0
4552,1
4553,0
4554,0
4555,0
4556,0
4557,1
4558,1
4559,0
4560,0
4561,1
4562,1
4563,0
4564,1
4565,0
4566,0
4567,0
4568,0
4569,1
4570,0
4571,0
4572,1
4573,1
4574,0
4575,1
4576,0
4577,1
4578,1
4579,0
4580,1
4581,1
4582,1
4583,1
4584,1
4585,1
4586,0
4587,0
4588,0
4589,0
4590,0
4591,1
4592,1
4593,1
4594,1
4595,1
4596,0
4597,1
4598,0
4599,1
4600,0
4601,0
4602,1
4603,1
4604,0
4605,0
4606,0
4607,1
4608,1
4609,0
4610,1
4611,0
4612,1
4613,1
4614,1
4615,0
4616,0
4617,1
4618,0
4619,1
4620,0
4621,1
4622,1
4623,1
4624,1
4625,0
4626,0
4627,1
4628,1
4629,0
4630,1
4631,1
4632,1
4633,0
4634,0
4635,0
4636,1
4637,1
4638,0
4639,1
4640,0
4641,0
4642,0
4643,0
4644,0
4645,0
4646,0
4647,0
4648,1
4649,1
4650,0
4651,0
4652,1
4653,0
4654,1
4655,0
4656,1
4657,0
4658,0
4659,1
4660,0
4661,1
4662,0
4663,0
4664,1
4665,1
4666,1
4667,0
4668,0
4669,1
4670,0
4671,0
4672,0
4673,0
4674,0
4675,1
4676,1
4677,0
4678,0
4679,0
4680,0
4681,0
4682,1
4683,1
4684,1
4685,1
4686,1
4687,0
4688,0
4689,1
4690,1
4691,0
4692,1
4693,0
4694,0
4695,0
4696,1
4697,0
4698,0
4699,1
4700,1
4701,1
4702,0
4703,0
4704,1
4705,0
4706,1
4707,0
4708,0
4709,0
4710,0
4711,0
4712,0
4713,0
4714,1
4715,1
4716,1
4717,1
4718,1
4719,0
4720,0
4721,0
4722,1
4723,1
4724,1
4725,0
4726,1
4727,1
4728,0
4729,0
4730,1
4731,1
4732,0
4733,0
4734,0
4735,0
4736,0
4737,0
4738,1
4739,0
4740,0
4741,0
4742,1
4743,0
4744,0
4745,0
4746,1
4747,0
4748,1
4749,1
4750,1
4751,1
4752,1
4753,0
4754,0
4755,0
4756,1
4757,0
4758,1
4759,0
4760,1
4761,1
4762,0
4763,1
4764,0
4765,0
4766,1
4767,1
4768,1
4769,0
4770,0
4771,1
4772,1
4773,0
4774,0
4775,1
4776,1
4777,0
4778,0
4779,1
4780,1
4781,1
4782,1
4783,1
4784,0
4785,1
4786,1
4787,1
4788,0
4789,0
4790,0
4791,0
4792,0
4793,0
4794,0
4795,0
4796,0
4797,1
4798,1
4799,0
4800,0
4801,0
4802,0
4803,1
4804,0
4805,1
4806,1
4807,0
4808,0
4809,0
4810,0
4811,0
4812,0
4813,1
4814,1
4815,1
4816,1
4817,0
4818,0
4819,0
4820,0
4821,0
4822,0
4823,0
4824,0
4825,1
4826,1
4827,1
4828,0
4829,0
4830,1
4831,0
4832,0
4833,0
4834,0
4835,1
4836,1
4837,0
4838,1
4839,1
4840,1
4841,1
4842,1
4843,0
4844,0
4845,0
4846,0
4847,0
4848,0
4849,1
4850,0
4851,0
4852,0
4853,0
4854,1
4855,0
4856,0
4857,0
4858,1
4859,1
4860,1
4861,0
4862,0
4863,0
4864,1
4865,1
4866,1
4867,0
4868,0
4869,1
4870,0
4871,1
4872,1
4873,0
4874,1
4875,0
4876,0
4877,0
4878,0
4879,1
4880,0
4881,0
4882,0
4883,0
4884,0
4885,0
4886,0
4887,0
4888,1
4889,0
4890,1
4891,0
4892,1
4893,0
4894,1
4895,0
4896,0
4897,1
4898,0
4899,1
4900,1
4901,1
4902,1
4903,1
4904,0
4905,1
4906,0
4907,1
4908,0
4909,1
4910,1
4911,1
4912,0
4913,1
4914,0
4915,0
4916,1
4917,0
4918,0
4919,0
4920,0
4921,0
4922,0
4923,1
4924,1
4925,0
4926,0
4927,0
4928,0
4929,1
4930,0
4931,0
4932,0
4933,0
4934,1
4935,1
4936,1
4937,1
4938,1
4939,0
4940,1
4941,0
4942,0
4943,0
4944,1
4945,0
4946,0
4947,0
4948,1
4949,0
4950,1
4951,0
4952,0
4953,0
4954,0
4955,0
4956,0
4957,0
4958,1
4959,1
4960,0
4961,1
4962,1
4963,0
4964,0
4965,0
4966,0
4967,0
4968,1
4969,1
4970,1
4971,1
4972,0
4973,1
4974,1
4975,1
4976,0
4977,1
4978,0
4979,1
4980,0
4981,1
4982,1
4983,0
4984,1
4985,0
4986,0
4987,0
4988,1
4989,1
4990,1
4991,1
4992,1
4993,1
4994,0
4995,1
4996,1
4997,0
4998,0
4999,0
5000,0
5001,1
5002,1
5003,0
5004,1
5005,0
5006,0
5007,1
5008,0
5009,0
5010,0
5011,1
5012,0
5013,1
5014,0
5015,0
5016,0
5017,0
5018,0
5019,0
5020,0
5021,1
5022,1
5023,0
5024,1
5025,0
5026,1
5027,0
5028,1
5029,0
5030,1
5031,0
5032,1
5033,1
5034,0
5035,1
5036,0
5037,0
5038,0
5039,0
5040,0
5041,0
5042,0
5043,1
5044,0
5045,0
5046,1
5047,0
5048,1
5049,0
5050,1
5051,0
5052,1
5053,0
5054,0
5055,1
5056,0
5057,1
5058,0
5059,0
5060,0
5061,0
5062,1
5063,0
5064,0
5065,0
5066,1
5067,0
5068,1
5069,1
5070,0
5071,1
5072,1
5073,0
5074,0
5075,0
5076,1
5077,0
5078,0
5079,0
5080,0
5081,1
5082,0
5083,1
5084,0
5085,1
5086,0
5087,1
5088,0
5089,1
5090,0
5091,0
5092,1
5093,1
5094,1
5095,1
5096,1
5097,1
5098,1
5099,1
5100,1
5101,1
5102,0
5103,1
5104,0
5105,1
5106,0
5107,1
5108,1
5109,0
5110,0
5111,1
5112,0
5113,0
5114,1
5115,1
5116,1
5117,1
5118,0
5119,1
5120,1
5121,0
5122,1
5123,1
5124,0
5125,0
5126,1
5127,1
5128,0
5129,1
5130,1
5131,1
5132,0
5133,0
5134,0
5135,0
5136,1
5137,0
5138,0
5139,1
5140,1
5141,1
5142,0
5143,0
5144,1
5145,0
5146,1
5147,0
5148,1
5149,0
5150,0
5151,0
5152,1
5153,0
5154,0
5155,1
5156,0
5157,1
5158,0
5159,0
5160,1
5161,1
5162,1
5163,0
5164,0
5165,0
5166,0
5167,0
5168,1
5169,0
5170,1
5171,1
5172,1
5173,0
5174,0
5175,1
5176,0
5177,0
5178,0
5179,1
5180,0
5181,1
5182,0
5183,1
5184,0
5185,0
5186,1
5187,1
5188,1
5189,1
5190,0
5191,1
5192,1
5193,0
5194,1
5195,1
5196,0
5197,0
5198,1
5199,1
5200,0
5201,1
5202,0
5203,1
5204,0
5205,1
5206,1
5207,1
5208,0
5209,0
5210,1
5211,0
5212,1
5213,0
5214,1
5215,0
5216,1
5217,1
5218,1
5219,0
5220,1
5221,0
5222,0
5223,1
5224,1
5225,0
5226,1
5227,0
5228,0
5229,1
5230,1
5231,1
5232,1
5233,0
5234,0
5235,1
5236,1
5237,0
5238,0
5239,1
5240,0
5241,1
5242,1
5243,0
5244,0
5245,0
5246,0
5247,0
5248,0
5249,0
5250,0
5251,0
5252,0
5253,0
5254,0
5255,1
5256,1
5257,0
5258,1
5259,0
5260,0
5261,1
5262,1
5263,0
5264,0
5265,0
5266,0
5267,0
5268,1
5269,1
5270,0
5271,0
5272,0
5273,1
5274,1
5275,1
5276,0
5277,0
5278,0
5279,0
5280,1
5281,1
5282,1
5283,0
5284,0
5285,0
5286,1
5287,1
5288,1
5289,0
5290,1
5291,0
5292,1
5293,1
5294,0
5295,1
5296,0
5297,1
5298,0
5299,1
5300,0
5301,0
5302,0
5303,0
5304,0
5305,0
5306,0
5307,0
5308,0
5309,0
5310,0
5311,0
5312,1
5313,1
5314,0
5315,0
5316,0
5317,0
5318,0
5319,1
5320,0
5321,0
5322,0
5323,1
5324,1
5325,1
5326,0
5327,1
5328,1
5329,1
5330,0
5331,1
5332,1
5333,0
5334,0
5335,1
5336,0
5337,0
5338,1
5339,1
5340,0
5341,0
5342,0
5343,0
5344,0
5345,0
5346,1
5347,1
5348,0
5349,1
5350,0
5351,0
5352,0
5353,0
5354,1
5355,1
5356,0
5357,0
5358,0
5359,0
5360,1
5361,0
5362,1
5363,0
5364,0
5365,0
5366,0
5367,0
5368,0
5369,1
5370,1
5371,1
5372,0
5373,1
5374,0
5375,1
5376,0
5377,0
5378,1
5379,1
5380,1
5381,0
5382,0
5383,1
5384,0
5385,0
5386,1
5387,0
5388,1
5389,0
5390,1
5391,0
5392,0
5393,1
5394,1
5395,0
5396,0
5397,1
5398,1
5399,1
5400,0
5401,0
5402,1
5403,0
5404,1
5405,1
5406,1
5407,0
5408,0
5409,0
5410,0
5411,0
5412,0
5413,0
5414,0
5415,0
5416,0
5417,0
5418,1
5419,1
5420,0
5421,0
5422,1
5423,0
5424,1
5425,0
5426,0
5427,0
5428,0
5429,0
5430,0
5431,1
5432,0
5433,0
5434,0
5435,0
5436,0
5437,0
5438,0
5439,1
5440,0
5441,1
5442,1
5443,1
5444,1
5445,1
5446,0
5447,1
5448,1
5449,0
5450,1
5451,1
5452,1
5453,0
5454,1
5455,0
5456,1
5457,0
5458,1
5459,0
5460,0
5461,1
5462,0
5463,1
5464,0
5465,0
5466,1
5467,0
5468,1
5469,0
5470,1
5471,0
5472,1
5473,0
5474,1
5475,0
5476,0
5477,1
5478,1
5479,0
5480,1
5481,1
5482,1
5483,0
5484,0
5485,1
5486,0
5487,0
5488,0
5489,1
5490,1
5491,0
5492,1
5493,1
5494,1
5495,1
5496,1
5497,0
5498,0
5499,1
5500,1
5501,0
5502,0
5503,0
5504,0
5505,0
5506,0
5507,0
5508,1
5509,0
5510,0
5511,0
5512,0
5513,1
5514,1
5515,1
5516,0
5517,0
5518,0
5519,1
5520,0
5521,1
5522,1
5523,1
5524,0
5525,1
5526,1
5527,0
5528,0
5529,0
5530,1
5531,0
5532,0
5533,1
5534,0
5535,1
5536,1
5537,1
5538,0
5539,1
5540,1
5541,1
5542,1
5543,0
5544,1
5545,1
5546,1
5547,1
5548,1
5549,0
5550,0
5551,0
5552,0
5553,1
5554,1
5555,1
5556,0
5557,0
5558,0
5559,1
5560,1
5561,1
5562,1
5563,1
5564,0
5565,0
5566,0
5567,0
5568,1
5569,0
5570,1
5571,1
5572,1
5573,0
5574,0
5575,1
5576,0
5577,1
5578,0
5579,1
5580,0
5581,0
5582,1
5583,1
5584,0
5585,1
5586,0
5587,1
5588,0
5589,1
5590,0
5591,1
5592,1
5593,0
5594,1
5595,0
5596,1
5597,0
5598,0
5599,1
5600,0
5601,0
5602,0
5603,0
5604,0
5605,0
5606,1
5607,0
5608,1
5609,0
5610,1
5611,0
5612,1
5613,0
5614,0
5615,0
5616,1
5617,0
5618,1
5619,1
5620,1
5621,0
5622,1
5623,1
5624,0
5625,1
5626,1
5627,1
5628,1
5629,1
5630,0
5631,0
5632,1
5633,0
5634,0
5635,1
5636,0
5637,1
5638,0
5639,0
5640,1
5641,1
5642,0
5643,0
5644,1
5645,1
5646,1
5647,1
5648,1
5649,1
5650,0
5651,0
5652,0
5653,1
5654,1
5655,0
5656,0
5657,0
5658,1
5659,1
5660,1
5661,1
5662,0
5663,0
5664,1
5665,1
5666,1
5667,1
5668,1
5669,0
5670,0
5671,0
5672,1
5673,0
5674,1
5675,1
5676,0
5677,1
5678,0
5679,0
5680,0
5681,1
5682,1
5683,0
5684,0
5685,0
5686,1
5687,1
5688,1
5689,0
5690,1
5691,0
5692,0
5693,1
5694,1
5695,0
5696,1
5697,0
5698,0
5699,1
5700,0
5701,0
5702,1
5703,0
5704,0
5705,0
5706,1
5707,0
5708,0
5709,0
5710,1
5711,0
5712,0
5713,1
5714,0
5715,0
5716,1
5717,0
5718,0
5719,1
5720,0
5721,0
5722,1
5723,1
5724,1
5725,1
5726,1
5727,0
5728,1
5729,1
5730,1
5731,0
5732,0
5733,1
5734,1
5735,0
5736,1
5737,0
5738,1
5739,1
5740,1
5741,1
5742,0
5743,0
5744,1
5745,0
5746,1
5747,0
5748,0
5749,0
5750,1
5751,0
5752,1
5753,1
5754,1
5755,1
5756,0
5757,1
5758,0
5759,0
5760,0
5761,0
5762,0
5763,0
5764,0
5765,1
5766,0
5767,1
5768,0
5769,1
5770,0
5771,1
5772,1
5773,0
5774,1
5775,0
5776,0
5777,0
5778,0
5779,0
5780,1
5781,0
5782,1
5783,0
5784,0
5785,1
5786,1
5787,1
5788,1
5789,0
5790,0
5791,1
5792,0
5793,0
5794,1
5795,1
5796,0
5797,1
5798,0
5799,0
5800,1
5801,0
5802,0
5803,0
5804,0
5805,0
5806,1
5807,0
5808,1
5809,1
5810,1
5811,1
5812,0
5813,1
5814,1
5815,1
5816,1
5817,1
5818,1
5819,1
5820,0
5821,1
5822,1
5823,0
5824,0
5825,0
5826,0
5827,0
5828,1
5829,1
5830,1
5831,0
5832,0
5833,1
5834,1
5835,0
5836,1
5837,0
5838,1
5839,0
5840,1
5841,0
5842,1
5843,0
5844,1
5845,1
5846,0
5847,1
5848,0
5849,1
5850,1
5851,1
5852,1
5853,1
5854,1
5855,0
5856,1
5857,1
5858,0
5859,0
5860,0
5861,0
5862,0
5863,0
5864,1
5865,0
5866,0
5867,1
5868,0
5869,1
5870,0
5871,1
5872,0
5873,1
5874,1
5875,0
5876,1
5877,1
5878,1
5879,1
5880,1
5881,0
5882,0
5883,1
5884,1
5885,0
5886,0
5887,1
5888,0
5889,0
5890,0
5891,0
5892,1
5893,0
5894,1
5895,0
5896,1
5897,0
5898,1
5899,1
5900,0
5901,1
5902,1
5903,1
5904,0
5905,0
5906,1
5907,1
5908,1
5909,1
5910,1
5911,0
5912,1
5913,1
5914,0
5915,1
5916,0
5917,0
5918,1
5919,0
5920,1
5921,1
5922,0
5923,1
5924,1
5925,0
5926,0
5927,1
5928,0
5929,0
5930,1
5931,0
5932,0
5933,0
5934,0
5935,1
5936,1
5937,0
5938,1
5939,1
5940,0
5941,1
5942,1
5943,0
5944,0
5945,0
5946,1
5947,1
5948,0
5949,0
5950,0
5951,0
5952,1
5953,1
5954,1
5955,1
5956,1
5957,0
5958,0
5959,0
5960,0
5961,1
5962,1
5963,0
5964,0
5965,0
5966,0
5967,1
5968,0
5969,1
5970,0
5971,0
5972,0
5973,0
5974,1
5975,1
5976,1
5977,1
5978,0
5979,1
5980,0
5981,0
5982,1
5983,0
5984,1
5985,1
5986,1
5987,1
5988,1
5989,1
5990,1
5991,0
5992,0
5993,0
5994,0
5995,1
5996,0
5997,1
5998,1
5999,0
6000,1
6001,0
6002,1
6003,1
6004,0
6005,1
6006,1
6007,1
6008,0
6009,1
6010,0
6011,0
6012,1
6013,1
6014,0
6015,0
6016,0
6017,0
6018,1
6019,0
6020,0
6021,0
6022,0
6023,1
6024,0
6025,0
6026,0
6027,0
6028,0
6029,0
6030,0
6031,1
6032,1
6033,1
6034,0
6035,0
6036,1
6037,1
6038,0
6039,0
6040,1
6041,1
6042,1
6043,1
6044,0
6045,0
6046,1
6047,0
6048,0
6049,1
6050,1
6051,1
6052,1
6053,0
6054,0
6055,0
6056,0
6057,0
6058,0
6059,1
6060,0
6061,1
6062,1
6063,0
6064,0
6065,1
6066,0
6067,1
6068,1
6069,0
6070,1
6071,1
6072,0
6073,1
6074,0
6075,1
6076,1
6077,0
6078,0
6079,0
6080,0
6081,0
6082,0
6083,1
6084,1
6085,1
6086,1
6087,1
6088,0
6089,0
6090,1
6091,0
6092,1
6093,0
6094,0
6095,1
6096,1
6097,0
6098,0
6099,0
6100,0
6101,1
6102,1
6103,1
6104,1
6105,1
6106,1
6107,0
6108,0
6109,0
6110,1
6111,0
6112,1
6113,0
6114,1
6115,0
6116,0
6117,1
6118,1
6119,1
6120,1
6121,0
6122,0
6123,0
6124,0
6125,0
6126,0
6127,0
6128,0
6129,1
6130,1
6131,0
6132,0
6133,0
6134,0
6135,0
6136,0
6137,0
6138,0
6139,0
6140,0
6141,0
6142,0
6143,1
6144,1
6145,1
6146,1
6147,0
6148,1
6149,0
6150,0
6151,1
6152,1
6153,1
6154,0
6155,1
6156,0
6157,1
6158,0
6159,1
6160,0
6161,0
6162,1
6163,0
6164,0
6165,1
6166,0
6167,1
6168,1
6169,1
6170,0
6171,1
6172,0
6173,0
6174,1
6175,1
6176,0
6177,1
6178,0
6179,0
6180,1
6181,0
6182,1
6183,1
6184,0
6185,1
6186,1
6187,0
6188,0
6189,0
6190,0
6191,0
6192,0
6193,0
6194,0
6195,0
6196,1
6197,0
6198,0
6199,0
6200,1
6201,1
6202,1
6203,0
6204,1
6205,1
6206,0
6207,0
6208,0
6209,1
6210,0
6211,1
6212,0
6213,0
6214,0
6215,1
6216,0
6217,1
6218,0
6219,1
6220,0
6221,0
6222,1
6223,1
6224,0
6225,0
6226,0
6227,1
6228,0
6229,1
6230,0
6231,1
6232,0
6233,1
6234,0
6235,1
6236,0
6237,1
6238,1
6239,0
6240,0
6241,0
6242,1
6243,1
6244,1
6245,1
6246,0
6247,0
6248,0
6249,1
6250,0
6251,0
6252,1
6253,0
6254,0
6255,1
6256,0
6257,1
6258,0
6259,1
6260,1
6261,0
6262,1
6263,1
6264,1
6265,1
6266,0
6267,1
6268,0
6269,0
6270,0
6271,1
6272,1
6273,0
6274,0
6275,0
6276,1
6277,0
6278,0
6279,1
6280,0
6281,1
6282,0
6283,0
6284,1
6285,1
6286,1
6287,1
6288,0
6289,0
6290,0
6291,0
6292,0
6293,0
6294,0
6295,1
6296,0
6297,1
6298,0
6299,0
6300,0
6301,0
6302,1
6303,1
6304,0
6305,1
6306,1
6307,1
6308,0
6309,1
6310,0
6311,1
6312,0
6313,1
6314,1
6315,1
6316,0
6317,1
6318,0
6319,0
6320,0
6321,0
6322,0
6323,1
6324,1
6325,0
6326,1
6327,0
6328,1
6329,0
6330,1
6331,1
6332,0
6333,1
6334,0
6335,0
6336,1
6337,1
6338,1
6339,0
6340,0
6341,1
6342,0
6343,0
6344,1
6345,0
6346,0
6347,1
6348,0
6349,0
6350,1
6351,1
6352,0
6353,0
6354,0
6355,1
6356,0
6357,0
6358,1
6359,0
6360,1
6361,1
6362,1
6363,0
6364,0
6365,1
6366,1
6367,1
6368,1
6369,0
6370,0
6371,1
6372,0
6373,0
6374,0
6375,0
6376,1
6377,1
6378,0
6379,1
6380,0
6381,1
6382,1
6383,0
6384,1
6385,0
6386,0
6387,0
6388,0
6389,1
6390,0
6391,1
6392,1
6393,1
6394,0
6395,1
6396,0
6397,0
6398,0
6399,0
6400,0
6401,1
6402,0
6403,1
6404,0
6405,1
6406,1
6407,0
6408,0
6409,1
6410,0
6411,0
6412,0
6413,0
6414,0
6415,1
6416,1
6417,1
6418,1
6419,0
6420,0
6421,0
6422,0
6423,1
6424,0
6425,1
6426,1
6427,1
6428,1
6429,0
6430,1
6431,0
6432,0
6433,0
6434,0
6435,0
6436,1
6437,1
6438,1
6439,0
6440,0
6441,1
6442,1
6443,0
6444,0
6445,1
6446,1
6447,0
6448,1
6449,1
6450,1
6451,0
6452,0
6453,0
6454,0
6455,1
6456,1
6457,1
6458,0
6459,0
6460,1
6461,0
6462,0
6463,1
6464,0
6465,0
6466,0
6467,0
6468,0
6469,1
6470,0
6471,1
6472,0
6473,1
6474,1
6475,1
6476,1
6477,0
6478,1
6479,0
6480,1
6481,0
6482,1
6483,1
6484,0
6485,0
6486,0
6487,0
6488,0
6489,1
6490,0
6491,0
6492,1
6493,1
6494,0
6495,0
6496,1
6497,1
6498,0
6499,1
6500,0
6501,1
6502,0
6503,1
6504,1
6505,1
6506,1
6507,0
6508,0
6509,0
6510,1
6511,0
6512,1
6513,0
6514,1
6515,0
6516,1
6517,0
6518,0
6519,1
6520,1
6521,0
6522,1
6523,0
6524,0
6525,1
6526,1
6527,1
6528,1
6529,0
6530,1
6531,0
6532,1
6533,1
6534,0
6535,1
6536,1
6537,0
6538,0
6539,1
6540,1
6541,0
6542,0
6543,0
6544,1
6545,0
6546,0
6547,1
6548,1
6549,0
6550,0
6551,1
6552,1
6553,1
6554,1
6555,0
6556,0
6557,0
6558,1
6559,0
6560,1
6561,0
6562,1
6563,0
6564,1
6565,0
6566,0
6567,0
6568,1
6569,1
6570,1
6571,1
6572,1
6573,0
6574,0
6575,0
6576,1
6577,1
6578,0
6579,0
6580,0
6581,0
6582,1
6583,0
6584,0
6585,1
6586,0
6587,0
6588,0
6589,0
6590,0
6591,1
6592,1
6593,0
6594,1
6595,1
6596,1
6597,1
6598,0
6599,0
6600,1
6601,1
6602,1
6603,1
6604,1
6605,1
6606,1
6607,1
6608,0
6609,1
6610,1
6611,1
6612,0
6613,1
6614,0
6615,1
6616,1
6617,1
6618,0
6619,1
6620,1
6621,1
6622,0
6623,0
6624,0
6625,0
6626,1
6627,0
6628,1
6629,0
6630,1
6631,1
6632,1
6633,1
6634,0
6635,1
6636,1
6637,0
6638,0
6639,1
6640,0
6641,0
6642,0
6643,0
6644,0
6645,0
6646,1
6647,0
6648,1
6649,0
6650,1
6651,1
6652,0
6653,1
6654,1
6655,1
6656,1
6657,1
6658,0
6659,0
6660,1
6661,1
6662,1
6663,1
6664,1
6665,1
6666,1
6667,0
6668,1
6669,0
6670,1
6671,0
6672,0
6673,0
6674,0
6675,1
6676,1
6677,1
6678,0
6679,0
6680,1
6681,1
6682,0
6683,0
6684,0
6685,0
6686,1
6687,1
6688,1
6689,1
6690,1
6691,0
6692,0
6693,0
6694,1
6695,1
6696,0
6697,1
6698,1
6699,0
6700,1
6701,0
6702,0
6703,1
6704,1
6705,1
6706,1
6707,1
6708,0
6709,1
6710,0
6711,0
6712,0
6713,1
6714,1
6715,0
6716,1
6717,0
6718,1
6719,0
6720,1
6721,0
6722,1
6723,0
6724,0
6725,1
6726,0
6727,0
6728,1
6729,0
6730,0
6731,0
6732,0
6733,0
6734,0
6735,1
6736,1
6737,1
6738,0
6739,1
6740,1
6741,0
6742,0
6743,1
6744,0
6745,0
6746,1
6747,1
6748,1
6749,1
6750,1
6751,0
6752,1
6753,1
6754,1
6755,0
6756,1
6757,1
6758,1
6759,0
6760,1
6761,1
6762,0
6763,1
6764,0
6765,0
6766,0
6767,1
6768,1
6769,1
6770,0
6771,1
6772,1
6773,1
6774,0
6775,1
6776,1
6777,0
6778,0
6779,0
6780,1
6781,0
6782,0
6783,1
6784,0
6785,0
6786,1
6787,1
6788,0
6789,1
6790,0
6791,1
6792,0
6793,1
6794,1
6795,1
6796,0
6797,0
6798,0
6799,0
6800,0
6801,1
6802,1
6803,1
6804,1
6805,0
6806,0
6807,0
6808,0
6809,1
6810,1
6811,0
6812,0
6813,0
6814,1
6815,1
6816,1
6817,1
6818,1
6819,0
6820,0
6821,0
6822,0
6823,1
6824,1
6825,0
6826,0
6827,0
6828,0
6829,1
6830,1
6831,1
6832,0
6833,1
6834,0
6835,1
6836,0
6837,1
6838,1
6839,1
6840,0
6841,0
6842,0
6843,0
6844,0
6845,1
6846,1
6847,0
6848,1
6849,0
6850,1
6851,0
6852,0
6853,1
6854,0
6855,1
6856,0
6857,1
6858,1
6859,1
6860,0
6861,1
6862,0
6863,0
6864,1
6865,1
6866,1
6867,0
6868,0
6869,0
6870,1
6871,0
6872,1
6873,0
6874,1
6875,1
6876,0
6877,0
6878,1
6879,1
6880,0
6881,1
6882,0
6883,1
6884,0
6885,0
6886,0
6887,1
6888,0
6889,1
6890,1
6891,1
6892,1
6893,0
6894,0
6895,0
6896,0
6897,1
6898,1
6899,0
6900,1
6901,0
6902,1
6903,0
6904,1
6905,0
6906,1
6907,0
6908,0
6909,1
6910,1
6911,0
6912,0
6913,1
6914,0
6915,1
6916,1
6917,1
6918,1
6919,0
6920,1
6921,1
6922,1
6923,1
6924,0
6925,1
6926,0
6927,1
6928,0
6929,1
6930,1
6931,0
6932,1
6933,1
6934,0
6935,1
6936,0
6937,0
6938,0
6939,0
6940,1
6941,0
6942,0
6943,1
6944,0
6945,1
6946,0
6947,0
6948,0
6949,1
6950,1
6951,0
6952,1
6953,0
6954,1
6955,0
6956,1
6957,0
6958,1
6959,0
6960,1
6961,0
6962,0
6963,1
6964,0
6965,1
6966,1
6967,0
6968,0
6969,0
6970,0
6971,0
6972,1
6973,1
6974,1
6975,0
6976,0
6977,0
6978,1
6979,1
6980,0
6981,0
6982,0
6983,1
6984,0
6985,1
6986,1
6987,1
6988,0
6989,1
6990,1
6991,1
6992,0
6993,1
6994,1
6995,1
6996,0
6997,1
6998,1
6999,1
7000,0
7001,0
7002,1
7003,0
7004,0
7005,1
7006,0
7007,0
7008,1
7009,1
7010,0
7011,0
7012,0
7013,1
7014,1
7015,0
7016,1
7017,0
7018,1
7019,1
7020,0
7021,1
7022,0
7023,1
7024,0
7025,0
7026,0
7027,0
7028,0
7029,1
7030,0
7031,1
7032,0
7033,0
7034,0
7035,0
7036,0
7037,0
7038,0
7039,0
7040,0
7041,0
7042,0
7043,1
7044,1
7045,1
7046,1
7047,0
7048,0
7049,0
7050,1
7051,1
7052,0
7053,0
7054,0
7055,1
7056,0
7057,1
7058,0
7059,0
7060,1
7061,0
7062,1
7063,1
7064,0
7065,1
7066,0
7067,1
7068,0
7069,0
7070,1
7071,0
7072,0
7073,0
7074,0
7075,1
7076,0
7077,1
7078,1
7079,0
7080,0
7081,0
7082,1
7083,1
7084,1
7085,0
7086,1
7087,1
7088,1
7089,0
7090,0
7091,0
7092,0
7093,1
7094,0
7095,1
7096,1
7097,1
7098,1
7099,1
7100,0
7101,0
7102,0
7103,0
7104,1
7105,1
7106,1
7107,0
7108,0
7109,1
7110,1
7111,1
7112,1
7113,0
7114,1
7115,0
7116,1
7117,1
7118,1
7119,0
7120,0
7121,0
7122,1
7123,0
7124,1
7125,1
7126,1
7127,1
7128,1
7129,0
7130,1
7131,1
7132,0
7133,0
7134,0
7135,0
7136,1
7137,0
7138,0
7139,0
7140,1
7141,0
7142,1
7143,0
7144,1
7145,0
7146,0
7147,1
7148,0
7149,1
7150,0
7151,0
7152,1
7153,0
7154,0
7155,1
7156,0
7157,0
7158,0
7159,1
7160,0
7161,0
7162,0
7163,0
7164,0
7165,0
7166,1
7167,0
7168,0
7169,1
7170,1
7171,0
7172,0
7173,0
7174,1
7175,0
7176,1
7177,0
7178,0
7179,1
7180,0
7181,0
7182,1
7183,1
7184,0
7185,0
7186,1
7187,0
7188,1
7189,0
7190,1
7191,0
7192,0
7193,1
7194,1
7195,0
7196,1
7197,1
7198,1
7199,1
7200,1
7201,0
7202,0
7203,1
7204,0
7205,0
7206,0
7207,0
7208,0
7209,0
7210,0
7211,0
7212,0
7213,0
7214,1
7215,1
7216,0
7217,1
7218,0
7219,0
7220,0
7221,0
7222,1
7223,0
7224,1
7225,0
7226,1
7227,0
7228,1
7229,1
7230,0
7231,1
7232,1
7233,0
7234,0
7235,0
7236,1
7237,0
7238,0
7239,0
7240,1
7241,1
7242,0
7243,0
7244,1
7245,1
7246,1
7247,0
7248,0
7249,0
7250,0
7251,1
7252,1
7253,0
7254,1
7255,1
7256,0
7257,0
7258,1
7259,0
7260,0
7261,1
7262,1
7263,1
7264,1
7265,0
7266,1
7267,1
7268,0
7269,1
7270,1
7271,0
7272,0
7273,1
7274,1
7275,1
7276,1
7277,0
7278,1
7279,0
7280,1
7281,1
7282,1
7283,1
7284,1
7285,1
7286,0
7287,0
7288,1
7289,1
7290,1
7291,1
7292,0
7293,1
7294,0
7295,1
7296,0
7297,0
7298,0
7299,0
7300,0
7301,0
7302,1
7303,0
7304,1
7305,0
7306,1
7307,0
7308,0
7309,1
7310,1
7311,1
7312,1
7313,1
7314,1
7315,1
7316,1
7317,0
7318,0
7319,1
7320,0
7321,0
7322,0
7323,0
7324,0
7325,0
7326,0
7327,1
7328,0
7329,0
7330,1
7331,1
7332,0
7333,0
7334,1
7335,0
7336,0
7337,1
7338,0
7339,1
7340,1
7341,0
7342,1
7343,1
7344,0
7345,0
7346,0
7347,0
7348,0
7349,0
7350,0
7351,0
7352,1
7353,0
7354,0
7355,0
7356,0
7357,1
7358,0
7359,0
7360,1
7361,1
7362,0
7363,0
7364,1
7365,0
7366,0
7367,1
7368,0
7369,1
7370,0
7371,0
7372,1
7373,1
7374,0
7375,1
7376,0
7377,1
7378,0
7379,0
7380,0
7381,0
7382,1
7383,1
7384,0
7385,0
7386,0
7387,1
7388,0
7389,1
7390,0
7391,0
7392,1
7393,1
7394,0
7395,1
7396,1
7397,1
7398,0
7399,0
7400,1
7401,0
7402,0
7403,1
7404,0
7405,0
7406,0
7407,1
7408,1
7409,0
7410,1
7411,1
7412,0
7413,1
7414,0
7415,1
7416,1
7417,1
7418,1
7419,1
7420,0
7421,1
7422,1
7423,1
7424,1
7425,1
7426,1
7427,0
7428,1
7429,0
7430,0
7431,1
7432,0
7433,1
7434,1
7435,1
7436,0
7437,0
7438,0
7439,1
7440,1
7441,0
7442,1
7443,0
7444,0
7445,1
7446,0
7447,1
7448,0
7449,1
7450,0
7451,0
7452,0
7453,1
7454,1
7455,1
7456,1
7457,1
7458,0
7459,1
7460,0
7461,1
7462,1
7463,0
7464,0
7465,0
7466,1
7467,1
7468,0
7469,0
7470,0
7471,1
7472,1
7473,1
7474,1
7475,1
7476,1
7477,1
7478,0
7479,1
7480,0
7481,0
7482,0
7483,1
7484,1
7485,0
7486,1
7487,1
7488,0
7489,1
7490,0
7491,1
7492,0
7493,1
7494,1
7495,0
7496,0
7497,1
7498,1
7499,0
7500,0
7501,0
7502,1
7503,0
7504,0
7505,1
7506,0
7507,1
7508,1
7509,0
7510,0
7511,1
7512,1
7513,0
7514,0
7515,0
7516,1
7517,0
7518,0
7519,1
7520,0
7521,1
7522,1
7523,0
7524,0
7525,0
7526,1
7527,0
7528,1
7529,1
7530,0
7531,0
7532,1
7533,1
7534,1
7535,0
7536,0
7537,0
7538,1
7539,0
7540,0
7541,0
7542,0
7543,1
7544,0
7545,1
7546,0
7547,0
7548,0
7549,1
7550,0
7551,1
7552,1
7553,1
7554,0
7555,1
7556,0
7557,1
7558,1
7559,0
7560,0
7561,0
7562,1
7563,1
7564,1
7565,0
7566,0
7567,1
7568,0
7569,0
7570,0
7571,1
7572,1
7573,0
7574,1
7575,1
7576,0
7577,0
7578,1
7579,0
7580,1
7581,1
7582,0
7583,0
7584,1
7585,0
7586,0
7587,1
7588,1
7589,0
7590,0
7591,0
7592,1
7593,1
7594,0
7595,0
7596,0
7597,1
7598,0
7599,1
7600,1
7601,1
7602,1
7603,0
7604,1
7605,0
7606,1
7607,1
7608,1
7609,1
7610,0
7611,0
7612,1
7613,0
7614,0
7615,1
7616,0
7617,1
7618,0
7619,0
7620,1
7621,1
7622,0
7623,0
7624,0
7625,0
7626,1
7627,0
7628,0
7629,0
7630,1
7631,1
7632,1
7633,1
7634,0
7635,1
7636,0
7637,1
7638,0
7639,0
7640,1
7641,1
7642,0
7643,0
7644,0
7645,1
7646,1
7647,0
7648,0
7649,0
7650,1
7651,0
7652,0
7653,1
7654,1
7655,0
7656,1
7657,0
7658,1
7659,1
7660,1
7661,1
7662,1
7663,1
7664,0
7665,1
7666,1
7667,0
7668,0
7669,1
7670,0
7671,0
7672,1
7673,1
7674,0
7675,1
7676,1
7677,0
7678,0
7679,1
7680,1
7681,0
7682,0
7683,1
7684,0
7685,0
7686,0
7687,0
7688,0
7689,1
7690,1
7691,0
7692,0
7693,0
7694,0
7695,1
7696,0
7697,0
7698,0
7699,0
7700,1
7701,0
7702,0
7703,1
7704,0
7705,0
7706,0
7707,1
7708,1
7709,0
7710,1
7711,1
7712,0
7713,0
7714,0
7715,1
7716,0
7717,1
7718,0
7719,1
7720,0
7721,0
7722,1
7723,1
7724,0
7725,1
7726,0
7727,1
7728,1
7729,0
7730,1
7731,0
7732,1
7733,0
7734,1
7735,1
7736,0
7737,0
7738,1
7739,0
7740,0
7741,0
7742,0
7743,1
7744,0
7745,0
7746,1
7747,1
7748,0
7749,0
7750,1
7751,1
7752,0
7753,0
7754,0
7755,0
7756,0
7757,0
7758,0
7759,0
7760,1
7761,0
7762,0
7763,1
7764,1
7765,0
7766,0
7767,1
7768,0
7769,1
7770,0
7771,0
7772,0
7773,1
7774,1
7775,0
7776,0
7777,0
7778,1
7779,1
7780,1
7781,0
7782,1
7783,1
7784,1
7785,0
7786,1
7787,0
7788,0
7789,1
7790,1
7791,1
7792,1
7793,0
7794,0
7795,1
7796,1
7797,1
7798,1
7799,1
7800,0
7801,0
7802,0
7803,0
7804,0
7805,0
7806,1
7807,0
7808,1
7809,0
7810,0
7811,1
7812,0
7813,0
7814,1
7815,0
7816,1
7817,0
7818,0
7819,0
7820,1
7821,0
7822,1
7823,1
7824,0
7825,1
7826,0
7827,0
7828,0
7829,1
7830,0
7831,0
7832,1
7833,0
7834,0
7835,0
7836,0
7837,0
7838,1
7839,0
7840,0
7841,1
7842,0
7843,1
7844,1
7845,0
7846,1
7847,1
7848,0
7849,0
7850,0
7851,1
7852,0
7853,1
7854,1
7855,1
7856,0
7857,0
7858,0
7859,0
7860,0
7861,0
7862,1
7863,0
7864,0
7865,0
7866,1
7867,1
7868,1
7869,1
7870,1
7871,1
7872,1
7873,1
7874,1
7875,0
7876,1
7877,1
7878,1
7879,1
7880,1
7881,1
7882,1
7883,1
7884,1
7885,0
7886,0
7887,1
7888,1
7889,1
7890,0
7891,1
7892,1
7893,1
7894,1
7895,0
7896,1
7897,1
7898,0
7899,1
7900,0
7901,1
7902,1
7903,1
7904,0
7905,1
7906,0
7907,0
7908,1
7909,1
7910,0
7911,0
7912,1
7913,0
7914,0
7915,1
7916,1
7917,1
7918,1
7919,1
7920,1
7921,1
7922,0
7923,0
7924,0
7925,0
7926,1
7927,1
7928,0
7929,1
7930,1
7931,0
7932,0
7933,0
7934,1
7935,0
7936,1
7937,1
7938,0
7939,0
7940,1
7941,1
7942,0
7943,0
7944,1
7945,0
7946,0
7947,0
7948,0
7949,0
7950,1
7951,1
7952,0
7953,1
7954,1
7955,0
7956,0
7957,0
7958,0
7959,0
7960,1
7961,1
7962,1
7963,0
7964,1
7965,0
7966,0
7967,0
7968,0
7969,0
7970,1
7971,0
7972,0
7973,0
7974,0
7975,1
7976,0
7977,0
7978,1
7979,1
7980,1
7981,0
7982,1
7983,1
7984,1
7985,0
7986,1
7987,0
7988,0
7989,1
7990,0
7991,0
7992,1
7993,0
7994,0
7995,0
7996,0
7997,0
7998,1
7999,1
8000,0
8001,0
8002,1
8003,0
8004,0
8005,0
8006,0
8007,1
8008,0
8009,1
8010,0
8011,0
8012,0
8013,1
8014,0
8015,0
8016,0
8017,1
8018,0
8019,0
8020,1
8021,1
8022,0
8023,0
8024,1
8025,0
8026,0
8027,0
8028,0
8029,0
8030,0
8031,0
8032,1
8033,0
8034,1
8035,0
8036,1
8037,0
8038,1
8039,1
8040,0
8041,1
8042,0
8043,0
8044,0
8045,0
8046,1
8047,0
8048,0
8049,0
8050,1
8051,0
8052,0
8053,0
8054,1
8055,0
8056,0
8057,0
8058,1
8059,1
8060,1
8061,0
8062,0
8063,1
8064,1
8065,1
8066,1
8067,1
8068,1
8069,1
8070,0
8071,0
8072,0
8073,1
8074,0
8075,0
8076,1
8077,0
8078,0
8079,0
8080,0
8081,1
8082,0
8083,0
8084,0
8085,1
8086,1
8087,1
8088,1
8089,1
8090,1
8091,1
8092,1
8093,0
8094,0
8095,0
8096,0
8097,0
8098,1
8099,0
8100,1
8101,1
8102,1
8103,1
8104,0
8105,0
8106,1
8107,0
8108,0
8109,1
8110,1
8111,0
8112,0
8113,0
8114,1
8115,1
8116,1
8117,0
8118,0
8119,0
8120,0
8121,1
8122,0
8123,0
8124,1
8125,0
8126,0
8127,1
8128,1
8129,1
8130,1
8131,0
8132,0
8133,1
8134,1
8135,1
8136,1
8137,0
8138,0
8139,0
8140,1
8141,1
8142,0
8143,0
8144,1
8145,1
8146,0
8147,0
8148,1
8149,1
8150,0
8151,1
8152,0
8153,0
8154,0
8155,0
8156,0
8157,1
8158,0
8159,1
8160,0
8161,0
8162,0
8163,1
8164,1
8165,1
8166,0
8167,1
8168,0
8169,1
8170,1
8171,1
8172,1
8173,1
8174,0
8175,1
8176,0
8177,1
8178,1
8179,0
8180,0
8181,1
8182,0
8183,0
8184,0
8185,1
8186,1
8187,0
8188,1
8189,0
8190,0
8191,0
8192,1
8193,0
8194,0
8195,0
8196,0
8197,0
8198,0
8199,0
8200,0
8201,0
8202,0
8203,0
8204,1
8205,1
8206,1
8207,0
8208,1
8209,1
8210,0
8211,1
8212,0
8213,0
8214,0
8215,1
8216,1
8217,0
8218,0
8219,1
8220,0
8221,1
8222,1
8223,0
8224,0
8225,1
8226,1
8227,1
8228,1
8229,0
8230,0
8231,0
8232,1
8233,0
8234,1
8235,1
8236,1
8237,1
8238,1
8239,0
8240,1
8241,1
8242,0
8243,1
8244,1
8245,0
8246,1
8247,1
8248,1
8249,1
8250,0
8251,1
8252,0
8253,0
8254,1
8255,1
8256,1
8257,0
8258,0
8259,1
8260,0
8261,0
8262,1
8263,1
8264,1
8265,1
8266,0
8267,0
8268,0
8269,1
8270,1
8271,1
8272,0
8273,0
8274,0
8275,0
8276,1
8277,0
8278,1
8279,1
8280,1
8281,1
8282,0
8283,0
8284,0
8285,1
8286,1
8287,1
8288,1
8289,0
8290,1
8291,0
8292,1
8293,0
8294,0
8295,1
8296,1
8297,0
8298,0
8299,1
8300,0
8301,1
8302,0
8303,1
8304,1
8305,0
8306,0
8307,1
8308,0
8309,0
8310,0
8311,0
8312,1
8313,0
8314,0
8315,1
8316,1
8317,0
8318,0
8319,1
8320,1
8321,0
8322,0
8323,0
8324,1
8325,0
8326,0
8327,1
8328,1
8329,1
8330,0
8331,1
8332,1
8333,1
8334,1
8335,1
8336,1
8337,0
8338,0
8339,0
8340,1
8341,0
8342,0
8343,0
8344,0
8345,1
8346,1
8347,1
8348,1
8349,1
8350,0
8351,1
8352,1
8353,1
8354,1
8355,1
8356,0
8357,0
8358,0
8359,0
8360,1
8361,1
8362,0
8363,1
8364,0
8365,1
8366,0
8367,1
8368,1
8369,1
8370,0
8371,1
8372,0
8373,0
8374,1
8375,0
8376,1
8377,0
8378,0
8379,0
8380,0
8381,1
8382,1
8383,0
8384,0
8385,1
8386,0
8387,1
8388,1
8389,1
8390,1
8391,1
8392,0
8393,0
8394,1
8395,1
8396,1
8397,0
8398,0
8399,0
8400,1
8401,0
8402,0
8403,0
8404,1
8405,0
8406,0
8407,1
8408,0
8409,0
8410,1
8411,0
8412,0
8413,0
8414,1
8415,0
8416,1
8417,1
8418,1
8419,0
8420,1
8421,0
8422,1
8423,1
8424,0
8425,1
8426,1
8427,0
8428,1
8429,0
8430,0
8431,0
8432,0
8433,0
8434,0
8435,1
8436,0
8437,0
8438,1
8439,0
8440,0
8441,0
8442,1
8443,0
8444,0
8445,1
8446,1
8447,1
8448,0
8449,0
8450,1
8451,1
8452,1
8453,1
8454,1
8455,0
8456,0
8457,0
8458,0
8459,1
8460,1
8461,0
8462,0
8463,1
8464,0
8465,0
8466,1
8467,0
8468,0
8469,0
8470,1
8471,1
8472,1
8473,1
8474,1
8475,1
8476,1
8477,0
8478,1
8479,1
8480,1
8481,0
8482,0
8483,0
8484,1
8485,1
8486,0
8487,1
8488,1
8489,0
8490,0
8491,0
8492,1
8493,1
8494,0
8495,1
8496,0
8497,0
8498,1
8499,0
